incident_id,date,description,location,crime_type,source,year,month,day,hour
fd9fcf844d5475f5d064e2bd2c82946f7d15f4feccb7bec9f5b9987eb9397b49,2024-12-07 08:07:46,A 22-year-old man was arrested for allegedly killing his mother after she refused to allow him to marry the woman of his choice and threatened to not give him the property in Delhi's Khayala area.,NDTV News,news_report,newsapi,2024,12,07,08
645f39549692daf5253dee9a26dbbe702e9d72d3833daa4347c01b5b1553e655,2024-12-07 08:00:49,"During the course of their investigation, police learned the man was a victim of an armed robbery.",WSB Atlanta,news_report,newsapi,2024,12,07,08
56ec380a30845c19e03af4edd88572d6f8ae72a765bfbbe425cf270d66110910,2024-12-07 08:00:00,"By making values-aligned investments in open publishing and infrastructure, academic libraries are helping to create a more equitable knowledge ecosystem",Katinamagazine.org,news_report,newsapi,2024,12,07,08
3aebfce61b2250d9426fbc2dcabb1f4ee34111ca5e257e8cbc05f171f7c5ef9a,2024-12-07 07:21:44,"Bansara, a new film directed by Atiul Islam, is set in a Purulia jungle and explores the intertwined themes of mythology, superstition, and crime. The story follows Gaurika Devi, a powerful zamindar descendant played by Aparajita Adhya, and a police officer, …",The Times of India,news_report,newsapi,2024,12,07,07
3b01ad196d4bf7a3e1fe679001c25eb5b9fab52d3e7fbc68c038405161c3309c,2024-12-07 07:10:26,The fatal shooting of UnitedHealthcare's CEO has opened the door for many people to vent their frustrations and anger over the insurance industry,ABC News,news_report,newsapi,2024,12,07,07
4960a51a261f1f8c0f05b42e9f626c3f69cd5ff54a9d7b4b5a88792b97781b56,2024-12-07 07:00:46,"It’s the battle that made Ghazghkull and Yarrick Grimdark famous. Welcome back to the planet Armageddon in Warhammer 40,000. While the First War for Armageddon was covered up due to a daemon invasion and Inquisitorial logic, the Second War for Armageddon made…",Belloflostsouls.net,news_report,newsapi,2024,12,07,07
b22ea3333e68b19c7692ae1ac9828c400181ac104d837eccff73cb104177b3d1,2024-12-07 06:35:00,And like that *poof* he's gone. CEO shooter believed to have left NYC by bus,Fark.com,news_report,newsapi,2024,12,07,06
a11cf1e324c9bd79b8b32a1cd4ad863550333943b2f566a082431648b79b2485,2024-12-07 06:27:53,"The person being sought in the killing of UnitedHealthcare CEO Brian Thompson on a Manhattan street was seen near a Port Authority bus station 46 minutes after the shocking crime, police said.",NBC News,news_report,newsapi,2024,12,07,06
adeeb0ea16c8f0e8e22de9d4e7ee12b8fa367ba1eb42a4fb4d08c976281c8fe2,2024-12-07 06:22:21,"A string of rape and assault allegations against the son of Norway’s future queen have plunged the royal family into its “biggest scandal” ever, wrapping up an “annus horribilis” for the monarchy. The legal troubles surrounding Marius Borg Hoiby, the 27-year-…",Digital Journal,news_report,newsapi,2024,12,07,06
410351d9e3cdeadce9143cb05dcf34f04a155507a17cade8fee814ba8f33587c,2024-12-07 06:21:13,"A string of rape and assault allegations against the son of Norway's future queen have plunged the royal family into its ""biggest scandal"" ever, wrapping up an ""annus horribilis"" for the monarchy.",International Business Times,news_report,newsapi,2024,12,07,06
f39009ec33d30d427dad6bceb4cd14ca7e72c49ced402e231528635504ddaed3,2024-12-07 06:21:10,"A string of rape and assault allegations against the son of Norway's future queen have plunged the royal family into its ""biggest scandal"" ever, wrapping up an ""annus horribilis"" for the monarchy.",Ibtimes.com.au,news_report,newsapi,2024,12,07,06
04cdb7fd211387161ade7f6148f46bbc1eda714055705efb4984c32fee62ef09,2024-12-07 06:17:34,The family of Tyler Kerry say they are disgusted by the police investigation.,BBC News,news_report,newsapi,2024,12,07,06
616111e9092a772f64c10777a20acde2b509906ca085ae66bc9c8dbcfd1fe7d8,2024-12-07 06:17:23,New York Police Commissioner Jessica Tisch told CNN that the person of interest in connection to the fatal shooting of ...,Biztoc.com,news_report,newsapi,2024,12,07,06
e5ce7cb0096514e6833748b138ca653afd78d234574ec4c9fe9e4c9ae5252970,2024-12-07 06:06:31,"Police are searching for the gunman who fatally shot UnitedHealthcare CEO Brian Thompson in New York City. The suspect fled on a bus, leaving behind a backpack in Central Park.  Investigators are examining the bag and surveillance footage for clues, exploring…",The Times of India,news_report,newsapi,2024,12,07,06
4031b09ba85011a8e39cca98c87494fdfd3d0473ac610acf9d1c12a25e196342,2024-12-07 06:00:00,In Dublin’s north inner city support for the veteran criminal known as the Monk shows how ‘disaffected’ locals are,The Irish Times,news_report,newsapi,2024,12,07,06
26f2f4d8124abb841b91cee3b56281727371eab74a951a45f00105cad5e23af4,2024-12-07 06:00:00,"More than 2,200 records created for children below age of criminal responsibility in last decade, including nearly 600 for those under three",The Irish Times,news_report,newsapi,2024,12,07,06
3b7507d7c1f7d664bc6168720f6fbb514278a0271e0e38b503e43845213aa321,2024-12-07 05:58:26,"Nearly four days after the shooting of UnitedHealthcare CEO Brian Thompson, police still do not know the gunman’s name or whereabouts or have a motive for the killing",ABC News,news_report,newsapi,2024,12,07,05
e6c0d21de594f123c094437f796c7cc2a66ac8f66b6301567436102bca8fcece,2024-12-07 05:57:08,New York police said Friday they believe the man suspected of gunning down a top health insurance executive may have fled the city on a bus following the brazen daylight murder.,International Business Times,news_report,newsapi,2024,12,07,05
a47c4aeddf7690a8cedcc2742c6d63cadea51383d3e3aa097655278b35f60ff9,2024-12-07 05:54:48,"UnitedHealth, Elevance and some BCBS plans have deleted senior leadership pages from their corporate sites, while Centene and CVS scrubbed images of their executives online.",Healthcaredive.com,news_report,newsapi,2024,12,07,05
0560340b1a1751b618ca6dfc906da4049e50b1e2f26ceb7c1a69efd437bc103c,2024-12-07 05:52:40,"Nearly four days after the shooting of UnitedHealthcare CEO Brian Thompson, police still do not know the gunman’s name or whereabouts or have a motive for the killing.",Biztoc.com,news_report,newsapi,2024,12,07,05
969121a4eba78a1e565464add22067f132c8b99ac702a2f4bb2f16336f4527fb,2024-12-07 05:52:20,"New York police said Friday they believe the man suspected of gunning down a top health insurance executive may have fled the city on a bus following the brazen daylight murder. The development deepens the mystery surrounding the fresh-faced suspect, an image…",Digital Journal,news_report,newsapi,2024,12,07,05
61eb67aa72c89f304f6b331eb5846ab640fecdd66f56bd12e2c014dbf8dab4bc,2024-12-07 05:47:01,One migrant teenager is dead and another was seriously injured in a Lower Manhattan stabbing on Thursday night carried out by a group of attackers allegedly,amNY,news_report,newsapi,2024,12,07,05
daf9850f1a38d51f1f5c2d400dc9e8b34e90225492f4853e32edc97da0354c20,2024-12-07 05:42:34,"Nearly four days after the shooting of UnitedHealthcare CEO Brian Thompson, police still do not know the gunman’s name or whereabouts or have a motive for the killing",ABC News,news_report,newsapi,2024,12,07,05
534ac4a77d1a5828580d91c7fcf695e8ca5d3fc592b4b03fdf3de1b2bf737501,2024-12-07 05:39:29,"Nearly four days after the shooting of UnitedHealthcare CEO Brian Thompson, police still do not know the gunman’s name or whereabouts or have a motive for the killing. But they have made some progress in their investigation into Wednesday's killing of the lea…",seattlepi.com,news_report,newsapi,2024,12,07,05
d394e076f387698ec5ca030e184cf46b85099e4dd37f6a37cd9235220d3607a7,2024-12-07 05:34:55,"Nearly four days after the shooting of UnitedHealthcare CEO Brian Thompson, police still do not know the gunman’s name or whereabouts or have a motive for the killing",ABC News,news_report,newsapi,2024,12,07,05
529cbdf6098825c056354b68018be7f008b08138eec198a0360a7774d6427d15,2024-12-07 05:34:47,The northeastern state of Tripura does not have a history of inter-religious clashes. That's changing under Modi's BJP.,Al Jazeera English,news_report,newsapi,2024,12,07,05
41d4eb87a78b2821f3e0700e90231b947a9596d82c44a2717d2192580c906da3,2024-12-07 05:34:23,The fatal shooting of UnitedHealthcare's CEO has opened the door for many people to vent their frustrations and anger over the insurance industry,ABC News,news_report,newsapi,2024,12,07,05
d46b94f314aafcfde90a1ec8d5e43876e51e52d32d147909b99d8d3f76448aa5,2024-12-07 05:32:22,"Police Find Backpack in Central Park, a Possible Link to Gunman Who Killed C.E.O.The New York Times UnitedHealthcare CEO Brian Thompson murder manhunt enters 3rd dayFox News Health care executive’s killer evades police for fourth day as backpack, DNA and bull…",Slashdot.org,news_report,newsapi,2024,12,07,05
700735b296536da18b6bcf9aa7e5dd25a86cd73e5164cc6ff35be84b16d1628d,2024-12-07 05:29:00,[Removed],[Removed],news_report,newsapi,2024,12,07,05
3e6f074413a9f8a301ca4fcd5ef9e7906051b3b2eff5cda1f0ce8785151c6040,2024-12-07 05:21:07,"The fatal shooting of UnitedHealthcare's CEO has opened the door for many people to vent their frustrations and anger over the insurance industry. The feelings of exasperation, anger, resentment, and helplessness toward insurers aren’t new. But the shooting a…",seattlepi.com,news_report,newsapi,2024,12,07,05
476365eafad10fc970be1c8cd54f73f14afb616d4bfe4494b28ec686b95e2147,2024-12-07 05:20:57,"Deoria police apprehended Deepak Mishra, the prime suspect in the Nihal Singh murder case, after a brief encounter on Saturday. Mishra sustained a leg injury during the encounter and is currently receiving medical treatment. Police recovered an illegal firear…",The Times of India,news_report,newsapi,2024,12,07,05
bebc546d21fa6944a21674e7b41f24d34a9c13dfab0472e8060390aa63aea7de,2024-12-07 05:18:40,The fatal shooting of UnitedHealthcare's CEO has opened the door for many people to vent their frustrations and anger over the insurance industry,ABC News,news_report,newsapi,2024,12,07,05
3cb15a29ea75e4c4bc5412b30c9a675b5327376f7e9872144276e4b72d7a21f6,2024-12-07 05:10:00,[Removed],[Removed],news_report,newsapi,2024,12,07,05
ea3a3c2e114ca9e36a09b2812dfbc127b80cb654235f4d3ba219286aa17c1fd3,2024-12-07 05:05:09,"Four days after a health care executive was shot and killed in Manhattan, police are piecing together clues, including a backpack, photos, video, ammunition, DNA and more, to help zero in on a suspect, who they believe is no longer in the city.",CNN,news_report,newsapi,2024,12,07,05
dc97679c89afa08470fae14aebde7d90f84099a65d9f5b5b96e012216f1db666,2024-12-07 05:04:20,"By Jeff Sparrow, The University of Melbourne (The Conversation) - We must ask for no references to Gaza/Palestine/Israel as it’s a very sensitive topic in our area. If these topics are included it drastically changes our risk management plans for events. Thus…",Juancole.com,news_report,newsapi,2024,12,07,05
cef9be54e32c845ea5d3a5b2ca565c3a80e024432d7c530d6f8e03d1f4a969b6,2024-12-07 05:02:47,The shooting death of high-ranking UnitedHealth Group Inc. executive Brian Thompson has uncovered a deep anger among Americans who say the health insurance industry has too often failed to cover large medical bills and stood in the way of necessary care.,Honolulu Star-Advertiser,news_report,newsapi,2024,12,07,05
67a29c22a771b19fdf3bf433b8ba71374a9292b7ce292bf3f313b8c46c20f3b9,2024-12-07 05:00:35,"The FBI had joined the investigation into the brazen murder of UnitedHealthcare CEO Brian Thompson outside of a luxury Manhattan hotel, the bureau confirmed Friday.",New York Post,news_report,newsapi,2024,12,07,05
c5e26197ffee6e3d73ccd783c8bf38197094fe81a9b77edd13917e7b0d6b4f98,2024-12-07 05:00:00,"Former police officers defend the force they served, but feel increasingly forgotten",The Irish Times,news_report,newsapi,2024,12,07,05
f760fddede48e08dea29f48ba506a2bf2a84bb59e8783c7878dda9560abcab86,2024-12-07 05:00:00,"Who is legally responsible for a vehicle accident that happens on private property? The answer depends on several factors, but unlike accidents that happen on public roads where the state generally has no liability, a private property owner can be he...",Americanthinker.com,news_report,newsapi,2024,12,07,05
d98effe34abfe027d9aa887cc3acf117a73bfc042dc08cc1fd012bd79b193462,2024-12-07 05:00:00,"Since President Trump nominated Pete Hegseth as the next U.S. Defense Secretary, the knives have been out for him.

First, they belittled him by claiming he was merely co-host of “Fox & Friends Weekend.",Americanthinker.com,news_report,newsapi,2024,12,07,05
9c39e4b4f1f3c078ac2187f6151e1f394dbd1bc297fdd7821f9e6cb59321514b,2024-12-07 04:53:27,"UnitedHealthcare is increasing security after Brian Thompson’s killing, executive saysThe Guardian US UnitedHealthcare CEO Brian Thompson murder manhunt enters 3rd dayFox News Retired NYPD captain describes ‘unique weapon' that may have been used in CEO shoot…",Slashdot.org,news_report,newsapi,2024,12,07,04
8d1d49b951ab44eaaa19c48dc04579f4a8151de459ec1276525ddad8ee25424f,2024-12-07 04:52:32,A 52-year-old man died after he was shot at by two bike-borne men in the Farsh Bazar area of Delhi's Shahdara district on Saturday morning.,NDTV News,news_report,newsapi,2024,12,07,04
8a73da48f75168e7ecb5856bd1b754cbd907a3768123eeb40b20bac1a720bcd4,2024-12-07 04:49:31,"In Shahdara on Saturday, a 52-year-old man, Sunil Jain, was shot by two motorcycle-riding assailants while returning from a morning walk at the Yamuna Sports Complex. Police responded to a PCR call reporting the incident in Farsh Bazar. A crime team is invest…",The Times of India,news_report,newsapi,2024,12,07,04
b4ca3982acb2b0afb9bf42dbd425e66d002f658e389c5f3db26e86a496c9b646,2024-12-07 04:43:21,"The plans follow campaign promises from President-elect Trump and a congressional probe into U.S. Capitol Police and January 6. Donald Trump and his political allies are promising law enforcement reforms and to fight crime in Washington, D.C., when he takes o…",Freerepublic.com,news_report,newsapi,2024,12,07,04
4841c965590827a1c1cf7faf7ecc944e2fe9e2273b67628cbc2e232060dde037,2024-12-07 04:37:10,"A 22-year-old Indian student was fatally stabbed in Canada&#039;s Ontario by his housemate, who has been charged with second-degree murder by the Sarnia Police.",NDTV News,news_report,newsapi,2024,12,07,04
60f048547c4b6eded672917a85f57660f3391828a3860e30868b44b78d6bc214,2024-12-07 04:33:15,Why internet sleuths say they won't help find the UnitedHealthcare CEO suspectNBC News Brian Thompson shooting updates: Police found backpack they believe was worn by suspect in UnitedHealthcare CEO's killing; say he has likely left New York CityYahoo! Voices…,Slashdot.org,news_report,newsapi,2024,12,07,04
8ee254b506d80bb02ce0cf40ee522b030df793f95692460201e359c87a770d1c,2024-12-07 04:08:00,Police said they think the girl was shot a half-mile away in the 3400 block of Meramec Street.,STLtoday.com,news_report,newsapi,2024,12,07,04
ed4949cba09e9ac6b1c4588400ab9059bd7be1c0f312be8bdd0d02aa3ad97cbc,2024-12-07 04:05:10,"Bengaluru police arrested eight suspects, including a minor, in connection with the kidnapping and murder of Akhilesh Yadav. Yadav was killed over a Rs 3,500 debt. The suspects dumped his body in a Vijayanagara forest after driving over 300km. Vijayanagara po…",The Times of India,news_report,newsapi,2024,12,07,04
2b579558aa509c851a3df744fcf3c0ad02c42fa65f5bd54e9afc54a244ead8a1,2024-12-07 04:04:08,A 19-year-old man has been convicted of rape and murder of a 10-year-old girl in West Bengal's South 24 Parganas district and sentenced to death.,NDTV News,news_report,newsapi,2024,12,07,04
58beb082bcdedab26ad7a4edcd00a8e3649971efda4a379409996007db3f83d4,2024-12-07 03:50:08,New York police said they believe the man suspected of gunning down a top health insurance executive may have fled the city on a bus following the brazen daylight murder.,NDTV News,news_report,newsapi,2024,12,07,03
c00a75dba1f9b5305dbf53e62bf235f3474aebd4aa0d7f60c6b55d109bdc24d5,2024-12-07 03:46:00,KUALA LUMPUR: Seven suspects have been arrested after allegedly robbing a house and fleeing with a car. Read full story,The Star Online,news_report,newsapi,2024,12,07,03
aa6d26af04116259ccacff103ebd23166b9c19aef3b2ae4b59b350c78a1b1882,2024-12-07 03:18:26,Charges have been stayed against five of the eight people accused in a shootout near a Toronto recording studio last month.,CBC News,news_report,newsapi,2024,12,07,03
115fcc748208bdf26abade5bd1e8a74f4d538d7192d51fde86b0a32ad097d919,2024-12-07 03:11:49,Police responding to shooting in McKees Rocks; 1 person injuredwpxi.com,WPXI Pittsburgh,news_report,newsapi,2024,12,07,03
d432487cbd29aee0175a74e49dfb2db30035df128cf0fff2df676be3b5382aec,2024-12-07 02:52:29,"There are two ways to do things: Alvin Bragg’s way and the right way.And when I say, “Alvin Bragg,” I don’t just mean him, I mean all the Soros-backed soft-on-crime, criminal-coddling prosecutors who have turned many of our major cities into virtual battle zo…",Freerepublic.com,news_report,newsapi,2024,12,07,02
397c879ee3cf13302020dadeab900c1a27f28a913f82ae96f47a5d163c35250d,2024-12-07 02:44:56,"The New York Police Department is crowd-sourcing their investigation into the murder of UnitedHealthcare CEO Brian Thompson to the general public after two days with no positive ID on the shooter. But they may not get much help from the internet, according to…",Raw Story,news_report,newsapi,2024,12,07,02
95d2c8435a51438a4b751824ec1359e0654fc344c5e79466008af83581d4352b,2024-12-07 02:37:54,"Ralph Cilento, a retired lieutenant commander at the NYPD and adjunct professor of police science at John Jay College of Criminal Justice, spoke to Fox News Digital Friday.",Fox News,news_report,newsapi,2024,12,07,02
4b3325fef188ecc87ba1af556c56bc0a81e6c3990b20480de9a37809d7197bf9,2024-12-07 02:37:41,The mentally ill gunman who shot and wounded two kindergartners at a small California school Wednesday wrote that he was deploying a “countermeasure involving child executions” in response to “America’s involvement with genocide and oppression of Palestinians…,Freerepublic.com,news_report,newsapi,2024,12,07,02
e8e190ff39173780cf996dd23d2a04be5a4b760c0cdd4b7a540cd4d388a3634f,2024-12-07 02:30:08,None,Yahoo Entertainment,news_report,newsapi,2024,12,07,02
4d23f7da386bcc9edc0fbcb82dddf7da3145ad6d37bea1134f8c2d1ff1f5fc1d,2024-12-07 02:26:34,"Investigators are exploring the possibility that a pistol used by veterinaries to put down sick or wounded animals was also the assassin’s weapon used to gun down UnitedHealthcare’s CEO early Wednesday.Aside from being “practically silent,” the B&T VP9 also c…",Raw Story,news_report,newsapi,2024,12,07,02
df6779dfbe719f62525233eb7514d4871b65d56413a6a649d9b160791890d89b,2024-12-07 02:21:20,"The Supreme Court on Friday flagged ""disturbing features"" in the arrest of former IAS officer Anil Tuteja by the Enforcement Directorate in a money laundering case related to the alleged Chhattisgarh liquor scam.",NDTV News,news_report,newsapi,2024,12,07,02
cba82526a61cfffc8d7ccf1c1654defb76ef87eee6a1fd86edc39c0a11495667,2024-12-07 02:18:13,Hong Kong is sending district councilors and other local officials to mainland China to learn how the ruling Chinese Communist Party uses local networks of volunteers to monitor the population and target potential unrest before it happens.,Globalsecurity.org,news_report,newsapi,2024,12,07,02
0c94d42ac7013c9860b1e361237bb1f87c29602f868957501a9826a734bbc5bc,2024-12-07 02:17:40,"The International Criminal Police Organization — or Interpol — announced Thursday that an operation involving law enforcement from nine South American countries has resulted in the arrest of 45 people and the seizure of more than 3,000 homemade bombs and tons…",Globalsecurity.org,news_report,newsapi,2024,12,07,02
f80d0aea4a61101f0e6f6f9ef2758dfff799296af1cd12a50f5cd663f1cd4fa8,2024-12-07 02:15:17,"Opting out of an emotional ending that'll wreck viewers, some romance K-dramas choose to end their stories on a much lighter note.",Screen Rant,news_report,newsapi,2024,12,07,02
a368e9ac585f5536dab359b6fa3d5a2c03bc77da9ca8af14a5c3e4d628679703,2024-12-07 02:15:01,"When you're a Russian retiree living on a limited income, it's bad enough trying to contend with skyrocketing prices for staples like eggs, potatoes, or butter. Now add to the list of worries: a swooning ruble hitting lows not seen in years.",Globalsecurity.org,news_report,newsapi,2024,12,07,02
2e358e93e4276ff463a5d0ff0bd02400c8cc9e2fa4e7ef138b930b1349bcdbc5,2024-12-07 02:15:01,"Pakistan's jailed former prime minister, Imran Khan. has threatened to start a nationwide civil disobedience movement this month following a government crackdown on his supporters that resulted in the deaths of several.",Globalsecurity.org,news_report,newsapi,2024,12,07,02
ce2014caacb142fe49dc473aec8e86757f8aab63e27a07e8ef224392a77df417,2024-12-07 02:09:45,Police are seeking information about a 15-year-old boy who went missing in Detroit.,WDIV ClickOnDetroit,news_report,newsapi,2024,12,07,02
6abf41f1b71bccde191a19c0362ecfa038fcbdbf381ccf29a40073ac595c8111,2024-12-07 02:06:29,A 22-year-old Kansas City man accused of illegally purchasing a gun found after the February mass shooting at the Kansas City Chiefs Super Bowl parade has been sentenced to probation,ABC News,news_report,newsapi,2024,12,07,02
4898b52fa496cbbc1039b5f6359257f4de99121d1ba0c43dc91bc1591947b9ab,2024-12-07 02:04:53,"A good Samaritan rescued two baby girls who were abandoned in a ditch near his Indiana home after the car they were in was stolen.
The post Good Samaritan Rescues Two Baby Girls Left in a Ditch After Car Was Stolen in Indiana appeared first on Breitbart.",Breitbart News,news_report,newsapi,2024,12,07,02
93c368e16a470b44cd465a4d3ff755271b544ae17bdb87cfbf02958654cbc314,2024-12-07 02:02:30,Chief of Detectives Joe Kenny revealed investigators' thinking on the still-unidentified gunman's motive during a huddle with reporters.,New York Post,news_report,newsapi,2024,12,07,02
e6d1fd91d8cef93ec8c139e26f681d0ff09cd4790be111b84cc27f87c6329c92,2024-12-07 02:00:34,The suspect who fatally shot UnitedHealthcare CEO Brian Thompson in Manhattan may have used a special weapon more common on farms ... at least according to cops. NYPD Chief of Detectives Joseph Kenny told reporters Friday police investigators are…,TMZ,news_report,newsapi,2024,12,07,02
39f408ecf4a548f679d30705571cf9ac36c55d3c058526ff88d523e0125d5b03,2024-12-07 02:00:00,"SPOILER ALERT: This post contains spoilers from the “Outlander” Season 7, Part 2 episode, “A Hundredweight of Stones,” now streaming on Starz, and the Diana Gabaldon’s book, “A Echo in the Bone.” David Berry recalls that penciled into the margin of the script…",Variety,news_report,newsapi,2024,12,07,02
41f4b34ebbfd6bbd588f029451a583b459a8daa3eb86696aa604added64cfb90,2024-12-07 01:58:35,Long-standing frustrations at the US health system were revealed online after an insurance executive was shot and killed in New York City.,BBC News,news_report,newsapi,2024,12,07,01
0881abb6744e2c9ea7bd0384cc47432420e7d2b42527371b8b404b336217d30c,2024-12-07 01:53:23,"The shocking killing of UnitedHealthcare CEO Brian Thompson outside a hotel in New York City triggered an avalanche of ""rage and glee"" on the internet as people frustrated with their health insurers dance on his grave — and it says something dark about the st…",Raw Story,news_report,newsapi,2024,12,07,01
3551e9e72bbba822ea00a9965ce550a12f7596c6c7dea634d23df0933bb5f456,2024-12-07 01:33:12,"In 2022, there were 154,458 people in Israel without a licensed firearm, but by 2024, this number has more than doubled.",The Jerusalem Post,news_report,newsapi,2024,12,07,01
5732aaf70bc9a2edfbac009b405d76279eba104e4f981baad7182e878434c317,2024-12-07 01:28:00,"KUALA LUMPUR: Police are on the lookout for a man known as Castelo, believed to be the mastermind behind a cable theft syndicate operating in the Sentul and Kepong areas over the past five months. Read full story",The Star Online,news_report,newsapi,2024,12,07,01
f74472b18e769e4b568894d8054e390f5d9c21f4a858f16b6dc5603f83dec0d9,2024-12-07 01:21:36,"Lakewood police are searching for a missing 15-year-old girl who was last seen Tuesday, according to the Colorado Bureau of Investigation.",The Denver Post,news_report,newsapi,2024,12,07,01
ca16aa89991a942f80d59a1ebeafcfe7c86a1fb0693b3d551fa5611bf5fdc3ba,2024-12-07 01:13:18,"Two Indianapolis police officers charged in the death of a man who was stunned and restrained on the ground during a mental health crisis were acquitted Friday of manslaughter, officials said.",NBC News,news_report,newsapi,2024,12,07,01
227d1b19b5c439cb4e7f60569e3bf62b59deb376feb9bd9dcda20191d3447c9d,2024-12-07 01:11:54,[Removed],[Removed],news_report,newsapi,2024,12,07,01
5c453ef628e965e72e47bcffd19da62a6530a6c7bc49fa0817b5ed92a7b603b3,2024-12-07 01:07:56,[Removed],[Removed],news_report,newsapi,2024,12,07,01
dab37bc48c93bddf1e20df328fd585ef833e3a721e7010f0019bacf4bd2dd0a5,2024-12-07 01:06:54,"The Idaho Department of Correction said it is searching for Kevin Nicholas Kuintzle, 33, a resident of the St. Anthony Work Camp in Fremont County.",ABC News,news_report,newsapi,2024,12,07,01
2dd8122ad9361182e806bd7057db87eab2f67c17afadd1eab3a1161e0fabea49,2024-12-07 01:06:10,This is a wild story.,CinemaBlend,news_report,newsapi,2024,12,07,01
df16deb3a564411bf9a9691321157e66cd26693a18b03574f849350ee8b9aa10,2024-12-07 01:05:29,Presenters of The Salisbury Poisoning podcast share what it was like reporting on the inquiry.,BBC News,news_report,newsapi,2024,12,07,01
f05aca1eeb022536f383504f6ca48f41407e18ef8414868078c3ba29a8bf37eb,2024-12-07 01:00:49,"One of the killers of trans teenager Brianna Ghey, Eddie Ratcliffe, has had an appeal against the length of his 20-year sentence shot down in the UK.  Content warning: This ...
The post Brianna Ghey Killer Loses Bid To Appeal 20-Year Sentence appeared first o…",Starobserver.com.au,news_report,newsapi,2024,12,07,01
10ef95678ac02fde2eeb9050f0dbf3e00e5669c2a79c1861a6aa589923e4aa9a,2024-12-07 01:00:42,No police officers will be charged in the shooting death of an Upper St. Clair man who suffered from severe mental illness.,CBS News,news_report,newsapi,2024,12,07,01
a1fe5ed8e944ce4788a660702640ee6390614f441129000b5124593d82f9ac35,2024-12-07 00:58:01,"Authorities believe they have recovered the backpack belonging to the assassin who gunned down UnitedHealthcare CEO Brian Thompson in New York City, CNN reported Friday evening. The assassin, wearing a dark hoodie and “distinct” gray backpack when he killed T…",The Daily Wire,news_report,newsapi,2024,12,07,00
675c4ba0b68ee80543acab5bdda26e388c8a22cb5f48e3d4b5a83397f7f17491,2024-12-07 00:54:34,"As part of an investigation into the ‘Ndrangheta mafia in the city of Brescia, Italian police have arrested 25 people including a nun known for her prison work.",Fox News,news_report,newsapi,2024,12,07,00
e815227ef24a170dcd1145ef41fd24fbfbc061aefd730fc7c22215ecabc1c848,2024-12-07 00:42:43,"This weekend's best movies and TV picks include 'Beetlejuice Beetlejuice,' 'White Lies,' and 'Creature Comandos'",Android Police,news_report,newsapi,2024,12,07,00
7515865ca4f2d87d3886ce804ac83b4c8e7bc96936228d21f910186f676212ff,2024-12-07 00:38:02,[Removed],[Removed],news_report,newsapi,2024,12,07,00
8bb3c3714994e0196bb03485af1edb9a79d33e5547481e22c7975e0791bbadb2,2024-12-07 00:31:00,"The manhunt is widening for the gunman in the killing of United HealthCare CEO Brian Thompson. More than 48 hours after that brazen shooting in the heart of Midtown Manhattan, police now believe the man they are looking for has left New York City, sources say…",CBS News,news_report,newsapi,2024,12,07,00
7ab77dec44e72461e7be56690e54f498d8eba1543e62c0b3ffbcf49671df7c9b,2024-12-07 00:30:29,The man on trial in the killing of University of Mississippi student Jimmie “Jay” Lee gave conflicting information to police about how well he and Lee knew each other,ABC News,news_report,newsapi,2024,12,07,00
8d3a52b494a0ed4982cfa427983ec57b3fe42a2629f7127f8d417d87e4407630,2024-12-07 00:27:08,"Never short of a soundbite, the MP has gone from country kid to Bjelke-Petersen-era Queensland, to federal parliament.",ABC News (AU),news_report,newsapi,2024,12,07,00
3e1f054211f3372cc2104b8999ba262ad052f4c780320b69c7553e3508b0df9c,2024-12-07 00:23:26,"A rural Kentucky judge gunned down by a sheriff in his own chambers allegedly ran the courthouse like a “brothel” and brought women to his office in an ongoing sex-for-favors scheme, a witness told cops.",New York Post,news_report,newsapi,2024,12,07,00
7905ede5f24f25b3bd86c5bdc6df4fb3887a2acc80c4e51bebc593ac06e7ffe5,2024-12-07 00:22:36,Grant Shaw is accused of killing 20-year-old Emmanuel Millard after a police chase in October 2023.,WSB Atlanta,news_report,newsapi,2024,12,07,00
af9ca8f2ec21accacb6d12009aab8c83c87c433958fb9162f0c8456bd48b4696,2024-12-07 00:11:42,[Removed],[Removed],news_report,newsapi,2024,12,07,00
af2635cea734c1d1621be133049437c8d1021ecf519a9d42db09b533ca285848,2024-12-07 00:11:07,"A high-profile violent crime typically sets social media abuzz with tips and theories from amateur internet sleuths, hunting for the alleged perpetrator.",NBC News,news_report,newsapi,2024,12,07,00
786a96f4637636cbb016a1ac2a640db7d0a65c410db67864a56298d8410f588b,2024-12-07 00:08:25,"Romania ‘s election systems suffered over 85,000 attacks, with leaked credentials posted on a Russian hacker forum before the presidential election. Romania ‘s Intelligence Service revealed that over 85,000 cyberattacks targeted the country’s election systems…",Securityaffairs.com,news_report,newsapi,2024,12,07,00
c932bb2f846a36bd10187a4b481b4697b04aef07249e1637ec508eaf35949b9f,2024-12-07 00:02:15,[Removed],[Removed],news_report,newsapi,2024,12,07,00
d4282300e36d5abf2c86cfcd377a16be750d4b5f777aae2c95bb28b05eca4fc0,2024-12-07 00:00:49,"Democrat Mayor Eric Adams did not rule out switching parties in a recent interview after giving his support for Trump’s agenda on the border.  Formerly a Republican, Adams switched to Democrat in 2002.
The post NYC Mayor Eric Adams Doesn’t Rule Out Joining GO…",Thegatewaypundit.com,news_report,newsapi,2024,12,07,00
dc2365f62b1302a4cae3015d131bdc8fba85b2b7d442723603fcdd4e98074248,2024-12-07 00:00:18,Politicians on both sides of the aisle are unhappy with the Constitutional Court’s decision to rerun the election.,Foreign Policy,news_report,newsapi,2024,12,07,00
d132d0c909904e603654a46f9507c1c587ecb377c8b6592f7b358da5312abe5c,2024-12-06 23:53:58,"Suspected killers of Alaba Abe, the campaign director of Governor Lucky Aiyedatiwa of Ondo State, have been arrested by the police. Abe, who was the director of campaign for Aiyedatiwa’s reelection in Akoko-South Local Government Area of the state, was kidnap…",The Punch,news_report,newsapi,2024,12,06,23
chicago_13324861,2024-01-01 00:00:00,AGGRAVATED - HANDGUN,050XX W VAN BUREN ST,BATTERY,chicago_pd,2024,01,01,00
chicago_13324885,2024-01-01 00:00:00,DOMESTIC BATTERY SIMPLE,034XX W DRUMMOND PL,BATTERY,chicago_pd,2024,01,01,00
chicago_13324959,2024-01-01 00:00:00,AGGRAVATED - OTHER DANGEROUS WEAPON,024XX N MILWAUKEE AVE,ASSAULT,chicago_pd,2024,01,01,00
chicago_13325121,2024-01-01 00:00:00,DOMESTIC BATTERY SIMPLE,122XX S SANGAMON ST,BATTERY,chicago_pd,2024,01,01,00
chicago_13325146,2024-01-01 00:00:00,TO VEHICLE,077XX S LUELLA AVE,CRIMINAL DAMAGE,chicago_pd,2024,01,01,00
chicago_13325219,2024-01-01 00:00:00,TO PROPERTY,059XX W LAKE ST,CRIMINAL DAMAGE,chicago_pd,2024,01,01,00
chicago_13325240,2024-01-01 00:00:00,TO VEHICLE,081XX S ESSEX AVE,CRIMINAL DAMAGE,chicago_pd,2024,01,01,00
chicago_13325269,2024-01-01 00:00:00,DOMESTIC BATTERY SIMPLE,002XX W 105TH PL,BATTERY,chicago_pd,2024,01,01,00
chicago_13325271,2024-01-01 00:00:00,TO PROPERTY,013XX S CLAREMONT AVE,CRIMINAL DAMAGE,chicago_pd,2024,01,01,00
chicago_13325276,2024-01-01 00:00:00,TO VEHICLE,091XX S LAFLIN ST,CRIMINAL DAMAGE,chicago_pd,2024,01,01,00
chicago_13325302,2024-01-01 00:00:00,ATTEMPT THEFT,038XX N DRAKE AVE,THEFT,chicago_pd,2024,01,01,00
chicago_13325339,2024-01-01 00:00:00,TO PROPERTY,036XX W LAWRENCE AVE,CRIMINAL DAMAGE,chicago_pd,2024,01,01,00
chicago_13325413,2024-01-01 00:00:00,TO PROPERTY,107XX S EMERALD AVE,CRIMINAL DAMAGE,chicago_pd,2024,01,01,00
chicago_13325472,2024-01-01 00:00:00,TO VEHICLE,021XX N LECLAIRE AVE,CRIMINAL DAMAGE,chicago_pd,2024,01,01,00
chicago_13325491,2024-01-01 00:00:00,TO PROPERTY,030XX N ALBANY AVE,CRIMINAL DAMAGE,chicago_pd,2024,01,01,00
chicago_13325497,2024-01-01 00:00:00,TO VEHICLE,070XX S OAKLEY AVE,CRIMINAL DAMAGE,chicago_pd,2024,01,01,00
chicago_13325509,2024-01-01 00:00:00,RECKLESS FIREARM DISCHARGE,082XX S ELIZABETH ST,WEAPONS VIOLATION,chicago_pd,2024,01,01,00
chicago_13325577,2024-01-01 00:00:00,OVER $500,049XX S THROOP ST,THEFT,chicago_pd,2024,01,01,00
chicago_13325580,2024-01-01 00:00:00,FROM BUILDING,034XX W FRANKLIN BLVD,THEFT,chicago_pd,2024,01,01,00
chicago_13325677,2024-01-01 00:00:00,$500 AND UNDER,077XX S EGGLESTON AVE,THEFT,chicago_pd,2024,01,01,00
chicago_13325736,2024-01-01 00:00:00,OVER $500,015XX W GARFIELD BLVD,THEFT,chicago_pd,2024,01,01,00
chicago_13325813,2024-01-01 00:00:00,AGGRAVATED - HANDGUN,064XX N LEAVITT ST,ASSAULT,chicago_pd,2024,01,01,00
chicago_13325994,2024-01-01 00:00:00,$500 AND UNDER,036XX S WOLCOTT AVE,THEFT,chicago_pd,2024,01,01,00
chicago_13326017,2024-01-01 00:00:00,FRAUD OR CONFIDENCE GAME,067XX N ASHLAND AVE,DECEPTIVE PRACTICE,chicago_pd,2024,01,01,00
chicago_13326068,2024-01-01 00:00:00,TO VEHICLE,040XX S DREXEL BLVD,CRIMINAL DAMAGE,chicago_pd,2024,01,01,00
chicago_13326069,2024-01-01 00:00:00,AUTOMOBILE,007XX N MAY ST,MOTOR VEHICLE THEFT,chicago_pd,2024,01,01,00
chicago_13326163,2024-01-01 00:00:00,TO VEHICLE,040XX S DREXEL BLVD,CRIMINAL DAMAGE,chicago_pd,2024,01,01,00
chicago_13326167,2024-01-01 00:00:00,TO VEHICLE,040XX S DREXEL BLVD,CRIMINAL DAMAGE,chicago_pd,2024,01,01,00
chicago_13326256,2024-01-01 00:00:00,TO PROPERTY,066XX S MARQUETTE RD,CRIMINAL DAMAGE,chicago_pd,2024,01,01,00
chicago_13326312,2024-01-01 00:00:00,TO VEHICLE,021XX S CENTRAL PARK AVE,CRIMINAL DAMAGE,chicago_pd,2024,01,01,00
chicago_13326346,2024-01-01 00:00:00,TO PROPERTY,063XX S GREEN ST,CRIMINAL DAMAGE,chicago_pd,2024,01,01,00
chicago_13326399,2024-01-01 00:00:00,FORGERY,037XX N LOCKWOOD AVE,DECEPTIVE PRACTICE,chicago_pd,2024,01,01,00
chicago_13326439,2024-01-01 00:00:00,TO VEHICLE,031XX W 38TH PL,CRIMINAL DAMAGE,chicago_pd,2024,01,01,00
chicago_13326749,2024-01-01 00:00:00,AGGRAVATED CRIMINAL SEXUAL ABUSE,033XX N HARLEM AVE,SEX OFFENSE,chicago_pd,2024,01,01,00
chicago_13327195,2024-01-01 00:00:00,TO PROPERTY,061XX S DREXEL AVE,CRIMINAL DAMAGE,chicago_pd,2024,01,01,00
chicago_13328077,2024-01-01 00:00:00,FORCIBLE ENTRY,003XX S KILPATRICK AVE,BURGLARY,chicago_pd,2024,01,01,00
chicago_13329004,2024-01-01 00:00:00,FORCIBLE ENTRY,097XX S LOWE AVE,BURGLARY,chicago_pd,2024,01,01,00
chicago_13329732,2024-01-01 00:00:00,OVER $500,014XX W 37TH ST,THEFT,chicago_pd,2024,01,01,00
chicago_13330493,2024-01-01 00:00:00,HARASSMENT BY ELECTRONIC MEANS,034XX W BEACH AVE,OTHER OFFENSE,chicago_pd,2024,01,01,00
chicago_13331279,2024-01-01 00:00:00,TO VEHICLE,041XX N KIMBALL AVE,CRIMINAL DAMAGE,chicago_pd,2024,01,01,00
chicago_13324803,2024-01-01 00:02:00,TO PROPERTY,018XX S KOMENSKY AVE,CRIMINAL DAMAGE,chicago_pd,2024,01,01,00
chicago_13324804,2024-01-01 00:55:00,TO PROPERTY,013XX S HARDING AVE,CRIMINAL DAMAGE,chicago_pd,2024,01,01,00
chicago_13324806,2024-01-01 00:59:00,LICENSE VIOLATION,034XX W MONTROSE AVE,OTHER OFFENSE,chicago_pd,2024,01,01,00
chicago_13324809,2024-01-01 00:30:00,DOMESTIC BATTERY SIMPLE,030XX W FOSTER AVE,BATTERY,chicago_pd,2024,01,01,00
chicago_13324810,2024-01-01 00:15:00,TO CITY OF CHICAGO PROPERTY,049XX S WESTERN BLVD,CRIMINAL DAMAGE,chicago_pd,2024,01,01,00
chicago_13324813,2024-01-01 00:05:00,TO PROPERTY,027XX S SPRINGFIELD AVE,CRIMINAL DAMAGE,chicago_pd,2024,01,01,00
chicago_13324818,2024-01-01 01:01:00,SIMPLE,010XX W ADDISON ST,BATTERY,chicago_pd,2024,01,01,01
chicago_13324819,2024-01-01 01:00:00,DOMESTIC BATTERY SIMPLE,022XX S WHIPPLE ST,BATTERY,chicago_pd,2024,01,01,01
chicago_13324820,2024-01-01 02:10:00,ANIMAL ABUSE / NEGLECT,043XX W ROOSEVELT RD,OTHER OFFENSE,chicago_pd,2024,01,01,02
chicago_13324822,2024-01-01 00:20:00,TO PROPERTY,048XX S EVANS AVE,CRIMINAL DAMAGE,chicago_pd,2024,01,01,00
chicago_13324823,2024-01-01 00:41:00,ANIMAL ABUSE / NEGLECT,049XX W LAWRENCE AVE,OTHER OFFENSE,chicago_pd,2024,01,01,00
chicago_13324824,2024-01-01 00:50:00,DOMESTIC BATTERY SIMPLE,128XX S EGGLESTON AVE,BATTERY,chicago_pd,2024,01,01,00
chicago_13324833,2024-01-01 00:04:00,AGGRAVATED DOMESTIC BATTERY - KNIFE / CUTTING INSTRUMENT,034XX W WALNUT ST,BATTERY,chicago_pd,2024,01,01,00
chicago_13324834,2024-01-01 00:53:00,UNLAWFUL POSSESSION - HANDGUN,070XX S CARPENTER ST,WEAPONS VIOLATION,chicago_pd,2024,01,01,00
chicago_13324835,2024-01-01 00:44:00,AGGRAVATED DOMESTIC BATTERY - OTHER DANGEROUS WEAPON,017XX W 61ST ST,BATTERY,chicago_pd,2024,01,01,00
chicago_13324837,2024-01-01 01:10:00,SIMPLE,048XX W WASHINGTON BLVD,BATTERY,chicago_pd,2024,01,01,01
chicago_13324839,2024-01-01 01:38:00,TO VEHICLE,066XX S BLACKSTONE AVE,CRIMINAL DAMAGE,chicago_pd,2024,01,01,01
chicago_13324840,2024-01-01 00:38:00,UNLAWFUL POSSESSION - HANDGUN,022XX N MEADE AVE,WEAPONS VIOLATION,chicago_pd,2024,01,01,00
chicago_13324841,2024-01-01 01:46:00,RECKLESS FIREARM DISCHARGE,044XX S LAWLER AVE,WEAPONS VIOLATION,chicago_pd,2024,01,01,01
chicago_13324843,2024-01-01 00:54:00,SIMPLE,008XX W ADDISON ST,ASSAULT,chicago_pd,2024,01,01,00
chicago_13324850,2024-01-01 01:17:00,SIMPLE,031XX W OGDEN AVE,BATTERY,chicago_pd,2024,01,01,01
chicago_13324852,2024-01-01 02:11:00,RECKLESS FIREARM DISCHARGE,121XX S LOOMIS ST,WEAPONS VIOLATION,chicago_pd,2024,01,01,02
chicago_13324854,2024-01-01 00:25:00,SIMPLE,022XX N CALIFORNIA AVE,BATTERY,chicago_pd,2024,01,01,00
chicago_13324855,2024-01-01 01:30:00,AGGRAVATED - HANDGUN,049XX W BLOOMINGDALE AVE,ASSAULT,chicago_pd,2024,01,01,01
chicago_13324858,2024-01-01 00:15:00,AGGRAVATED - HANDGUN,050XX W WELLINGTON AVE,ASSAULT,chicago_pd,2024,01,01,00
chicago_13324859,2024-01-01 01:01:00,FALSE / STOLEN / ALTERED TRP,063XX S TROY ST,OTHER OFFENSE,chicago_pd,2024,01,01,01
chicago_13324862,2024-01-01 01:50:00,DOMESTIC BATTERY SIMPLE,001XX N LEAMINGTON AVE,BATTERY,chicago_pd,2024,01,01,01
chicago_13324866,2024-01-01 01:55:00,HARASSMENT BY ELECTRONIC MEANS,018XX S KARLOV AVE,OTHER OFFENSE,chicago_pd,2024,01,01,01
chicago_13324867,2024-01-01 01:45:00,TO VEHICLE,020XX N LATROBE AVE,CRIMINAL DAMAGE,chicago_pd,2024,01,01,01
chicago_13324868,2024-01-01 01:55:00,"AGG. DOMESTIC BATTERY - HANDS, FISTS, FEET, SERIOUS INJURY",082XX W IRVING PARK RD,BATTERY,chicago_pd,2024,01,01,01
chicago_13324869,2024-01-01 00:32:00,DOMESTIC BATTERY SIMPLE,003XX E NORTH WATER ST,BATTERY,chicago_pd,2024,01,01,00
chicago_13324879,2024-01-01 00:20:00,UNLAWFUL USE - OTHER FIREARM,008XX W 49TH PL,WEAPONS VIOLATION,chicago_pd,2024,01,01,00
chicago_13324882,2024-01-01 00:20:00,RECKLESS FIREARM DISCHARGE,058XX W BERENICE AVE,WEAPONS VIOLATION,chicago_pd,2024,01,01,00
chicago_13324887,2024-01-01 00:05:00,TO PROPERTY,032XX S BELL AVE,CRIMINAL DAMAGE,chicago_pd,2024,01,01,00
chicago_13324888,2024-01-01 01:58:00,POSSESS - CANNABIS MORE THAN 30 GRAMS,056XX N RIDGE AVE,NARCOTICS,chicago_pd,2024,01,01,01
chicago_13324889,2024-01-01 02:40:00,RECKLESS FIREARM DISCHARGE,048XX S HARDING AVE,WEAPONS VIOLATION,chicago_pd,2024,01,01,02
chicago_13324890,2024-01-01 01:30:00,SIMPLE,044XX W WEST END AVE,BATTERY,chicago_pd,2024,01,01,01
chicago_13324891,2024-01-01 01:20:00,UNLAWFUL POSSESSION - HANDGUN,0000X S KENTON AVE,WEAPONS VIOLATION,chicago_pd,2024,01,01,01
chicago_13324893,2024-01-01 01:30:00,DOMESTIC BATTERY SIMPLE,019XX W ARGYLE ST,BATTERY,chicago_pd,2024,01,01,01
chicago_13324895,2024-01-01 01:30:00,SIMPLE,006XX N WELLS ST,BATTERY,chicago_pd,2024,01,01,01
chicago_13324898,2024-01-01 02:54:00,SIMPLE,069XX N ASHLAND BLVD,ASSAULT,chicago_pd,2024,01,01,02
chicago_13324902,2024-01-01 02:27:00,TO PROPERTY,026XX S CENTRAL PARK AVE,CRIMINAL DAMAGE,chicago_pd,2024,01,01,02
chicago_13324905,2024-01-01 01:58:00,AGGRAVATED DOMESTIC BATTERY - KNIFE / CUTTING INSTRUMENT,013XX N LOCKWOOD AVE,BATTERY,chicago_pd,2024,01,01,01
chicago_13324906,2024-01-01 01:01:00,UNLAWFUL POSSESSION - HANDGUN,075XX S WOOD ST,WEAPONS VIOLATION,chicago_pd,2024,01,01,01
chicago_13324909,2024-01-01 01:43:00,DOMESTIC BATTERY SIMPLE,017XX W JACKSON BLVD,BATTERY,chicago_pd,2024,01,01,01
chicago_13324910,2024-01-01 02:02:00,"AGGRAVATED P.O. - HANDS, FISTS, FEET, NO / MINOR INJURY",019XX W MONTEREY AVE,BATTERY,chicago_pd,2024,01,01,02
chicago_13324911,2024-01-01 03:13:00,"PROTECTED EMPLOYEE - HANDS, FISTS, FEET, NO / MINOR INJURY",003XX W 64TH ST,BATTERY,chicago_pd,2024,01,01,03
chicago_13324912,2024-01-01 00:56:00,SIMPLE,003XX N DEARBORN ST,BATTERY,chicago_pd,2024,01,01,00
chicago_13324913,2024-01-01 01:30:00,VIOLATE ORDER OF PROTECTION,0000X W TERMINAL ST,OTHER OFFENSE,chicago_pd,2024,01,01,01
chicago_13324915,2024-01-01 00:30:00,DOMESTIC BATTERY SIMPLE,016XX W BEACH AVE,BATTERY,chicago_pd,2024,01,01,00
chicago_13324917,2024-01-01 01:08:00,DOMESTIC BATTERY SIMPLE,005XX N CENTRAL PARK AVE,BATTERY,chicago_pd,2024,01,01,01
chicago_13324919,2024-01-01 01:00:00,AGGRAVATED DOMESTIC BATTERY - OTHER DANGEROUS WEAPON,047XX W JACKSON BLVD,BATTERY,chicago_pd,2024,01,01,01
chicago_13324920,2024-01-01 01:00:00,DOMESTIC BATTERY SIMPLE,047XX W GLADYS AVE,BATTERY,chicago_pd,2024,01,01,01
chicago_13324921,2024-01-01 01:00:00,TO VEHICLE,074XX N RIDGE BLVD,CRIMINAL DAMAGE,chicago_pd,2024,01,01,01
chicago_13324922,2024-01-01 02:50:00,DOMESTIC BATTERY SIMPLE,027XX W THOMAS ST,BATTERY,chicago_pd,2024,01,01,02
chicago_13324923,2024-01-01 02:42:00,RECKLESS FIREARM DISCHARGE,036XX N CLARK ST,WEAPONS VIOLATION,chicago_pd,2024,01,01,02
chicago_13324924,2024-01-01 02:15:00,SIMPLE,016XX N WELLS ST,BATTERY,chicago_pd,2024,01,01,02
chicago_13324925,2024-01-01 00:25:00,SIMPLE,012XX N CLYBOURN AVE,BATTERY,chicago_pd,2024,01,01,00
chicago_13324926,2024-01-01 00:16:00,TO PROPERTY,016XX E 85TH PL,CRIMINAL DAMAGE,chicago_pd,2024,01,01,00
chicago_13324927,2024-01-01 00:15:00,TO VEHICLE,108XX S AVENUE L,CRIMINAL DAMAGE,chicago_pd,2024,01,01,00
a87fd0b9f497a07eae6d51108d69199422a4b5038cd8b54da18a4cc0c1708206,2024-12-07 08:55:04,"A string of rape and assault allegations against the son of Norway&#039;s future queen have plunged the royal family into its &quot;biggest scandal&quot; ever, wrapping up an &quot;annus horribilis&quot; for the monarchy.",NDTV News,ASSAULT,newsapi,2024,12,07,08
e50e246f067b6f2986ee2145bcd94530db59e08bc54e000bad9504b091cd3053,2024-12-07 08:53:17,"Russia’s FSB used spyware against a Russian programmer after detaining him for allegedly donating to Ukraine earlier this year. The Federal Security Service (FSB) used spyware to monitor a Russian programmer, Kirill Parubets, after he was detained earlier thi…",Securityaffairs.com,OTHER,newsapi,2024,12,07,08
1a667ceaa9780710f7d6f8798b15a2afb9010be076d8a5dc62a4fd061051a626,2024-12-07 08:47:34,The manhunt for the suspect who killed UnitedHealthcare CEO Brian Thompson has now entered its fourth day as authorities learn more about his movements before the attack.,ABC News,HOMICIDE,newsapi,2024,12,07,08
